student_id,name,age,phone
7,Bard,1,2802198821
8,Rickard,2,3275303221
9,Chas,3,3367834079
10,Lockwood,4,2304757792
11,Iggie,5,8075182254
12,Clarance,6,8493680340
13,Wade,7,3092327581
14,Monty,8,9164279845
15,Lek,9,7608824644
16,Osmond,10,7796885972
17,Skipp,11,3569858694
18,Esteban,12,8641435878
19,Trueman,13,6726105422
20,Tomlin,14,5103637792
21,Rurik,15,3407650432
22,Napoleon,16,5334714755
23,Eddie,17,8798535634
24,Drud,18,2636833913
25,Steve,19,3936751623
26,Ephraim,20,5415678478
27,Allin,21,6826479294
28,Murry,22,6927429619
29,Tremayne,23,6637507214
30,Hastie,24,2544297182
31,Mar,25,5855253543
32,Franciskus,26,4757350917
33,Stu,27,7359962290
34,Norman,28,3066071092
35,Stirling,29,3028633584
36,Putnem,30,1625012081
37,Shannon,31,7152644415
38,Alaric,32,1517272296
39,Regen,33,8346043437
40,Davon,34,5745821752
41,Bertrand,35,9536482046
42,Sigvard,36,8831903503
43,Abelard,37,5507230692
44,Benedikt,38,4489666413
45,Putnam,39,4774510026
46,Gottfried,40,2233316413
47,Aube,41,8125307092
48,Wayland,42,2819136748
49,Willem,43,5651834377
50,Ellswerth,44,2147246544
51,Hakim,45,5142328519
52,Nehemiah,46,6999445589
53,Vassili,47,2722711598
54,Zaccaria,48,1725988764
55,Tammy,49,5579354348
56,Percival,50,9812142948
57,Nathanial,51,4708405689
58,Josh,52,3249218835
59,Bernie,53,3721630342
60,Normy,54,9103328788
61,Broddie,55,9033506313
62,Victoir,56,1227781682
63,Arny,57,2394558970
64,Ahmed,58,4232325928
65,Ransom,59,2598852729
66,Humberto,60,2499793209
67,Gayle,61,5701626560
68,Brandy,62,9628475028
69,Norman,63,4769623237
70,Raddie,64,7941294622
71,Ludovico,65,3051551613
72,Xerxes,66,8794617926
73,De witt,67,2877878458
74,Base,68,2785902100
75,Pierre,69,3334432160
76,Adlai,70,6908101455
77,Marcello,71,6514584903
78,Benson,72,4806554322
79,Mackenzie,73,3488259022
80,Trevar,74,5382657499
81,Reidar,75,4622226757
82,Eugen,76,7282190398
83,Jarvis,77,8173430645
84,Garik,78,5883967363
85,Barrett,79,1784730423
86,Sheffy,80,9326489633
87,Rafaellle,81,6251920583
88,Sherwynd,82,4866612318
89,Pepillo,83,3593424064
90,Elsworth,84,5206291003
91,Bald,85,9779400861
92,Pepillo,86,1852145247
93,Haven,87,2315553681
94,Wain,88,2291925454
95,Perry,89,4675363098
96,Gabby,90,5652610744
97,Hastie,91,2867660952
98,Christoffer,92,6338358898
99,Allan,93,7456029847
100,Floyd,94,8025800587
101,Leonerd,95,1576959100
102,Felic,96,6551866235
103,Welsh,97,4011145542
104,Aylmar,98,4277325816
105,Sebastian,99,8368255457
106,Beltran,100,1489129817
107,Sly,101,2936247096
108,Kendell,102,3662630459
109,Eustace,103,9234417838
110,Raimondo,104,9491725389
111,Isidoro,105,7728286731
112,Fairlie,106,8948042987
113,Linus,107,8239633008
114,Royall,108,3947427501
115,Davis,109,2947003511
116,Andrew,110,3899771132
117,George,111,3605685075
118,Hilary,112,8039081961
119,Connie,113,1328585240
120,Kiel,114,7987662794
121,Cecil,115,9638862972
122,Calv,116,8252719459
123,Burton,117,2417604642
124,Hamilton,118,1856884660
125,Monte,119,8403971814
126,Evered,120,2369555856
127,Aksel,121,7546446731
128,Zachariah,122,1573582157
129,Yance,123,7674204649
130,Egor,124,3756384069
131,Waldemar,125,1241267633
132,Lucas,126,7269889294
133,Costa,127,7244766618
134,Baily,128,2015840266
135,Terence,129,4891013378
136,Hughie,130,2784108781
137,Morty,131,1921769710
138,Eldon,132,6147966388
139,Boone,133,6707701476
140,Lockwood,134,4432391156
141,Reg,135,8891069009
142,Ramsey,136,8055792322
143,Johnny,137,4252763159
144,Abram,138,7748050063
145,Trefor,139,8312549778
146,Chick,140,7951656417
147,Reuven,141,6087357306
148,Wyatt,142,1662538834
149,Dill,143,5908129436
150,Duky,144,9531246239
151,Wat,145,1756613144
152,Tudor,146,5841925852
153,Karl,147,7192745884
154,Brant,148,4728549994
155,Ive,149,7102314466
156,Leighton,150,2453962980
157,Hartwell,151,5603985422
158,Osbourne,152,3195117428
159,Palmer,153,2939397637
160,Seamus,154,6889512127
161,Melvin,155,7947570589
162,Delmore,156,5628808870
163,Dino,157,6119879931
164,Hartley,158,4364664974
165,Patton,159,5326966884
166,Keen,160,5155195836
167,Bary,161,2837670243
168,Tobie,162,8108390453
169,Jeffrey,163,6299569060
170,Westbrook,164,5826532152
171,Duffie,165,5712286105
172,Timotheus,166,4967082584
173,Saunderson,167,8118578740
174,Jase,168,8176537039
175,Abner,169,5132257902
176,Sal,170,3221488422
177,Hirsch,171,5182735970
178,Mikkel,172,1414949870
179,Coop,173,3764075018
180,Frasco,174,6363439608
181,Steven,175,8524761829
182,Ralf,176,7676177585
183,Benn,177,6606410640
184,Amble,178,6215481063
185,Mendel,179,3732294558
186,Loydie,180,8113922703
187,Quillan,181,7333498319
188,Rem,182,4795721593
189,Michele,183,9767432667
190,Nowell,184,8868303755
191,Eliot,185,4588675296
192,Ephraim,186,6595099065
193,Earlie,187,2183277930
194,Les,188,1368511855
195,Turner,189,2833007242
196,York,190,2144001511
197,Symon,191,9158755020
198,Artur,192,9606879425
199,Rodge,193,9457270433
200,Bryan,194,8951730469
201,Ransell,195,4476912164
202,Colet,196,1772940651
203,Hugues,197,7048680298
204,Rodd,198,5758770321
205,Sayers,199,6081187518
206,Papageno,200,7227294198
207,Daniel,201,9462052761
208,Aurthur,202,2115843590
209,Dana,203,5542042550
210,Gabriele,204,8853430476
211,Rey,205,3411709518
212,Stephen,206,8291909621
213,Salvidor,207,7083073034
214,Curran,208,2265297489
215,Kerr,209,5257668279
216,Walther,210,4898852773
217,Sebastiano,211,2988218480
218,Emmery,212,2626156209
219,Klement,213,4697316085
220,Skylar,214,6037519140
221,Iorgos,215,7958966462
222,Addie,216,6464443879
223,Jamaal,217,3616877237
224,Erich,218,2761332243
225,Clarence,219,7506332684
226,Krispin,220,4328199840
227,Claudian,221,2288263883
228,Page,222,9129127964
229,Raddie,223,6945380481
230,Claudian,224,2728085467
231,Claudius,225,3076194318
232,Lovell,226,2177588591
233,Harris,227,8638035764
234,Baron,228,7854521754
235,Virge,229,7496660814
236,Phil,230,8071502912
237,Selig,231,1749147699
238,Chevalier,232,4529276076
239,Federico,233,8085064843
240,Gayelord,234,8543419731
241,Jakob,235,8725045342
242,Salim,236,2921385752
243,Randell,237,6231614112
244,Dario,238,6848569695
245,Llewellyn,239,4407179860
246,Wiatt,240,9695943477
247,Gamaliel,241,3784122677
248,Barnabas,242,1666442302
249,Trey,243,2392584884
250,Davy,244,3297719225
251,Marlowe,245,4376399212
252,Godard,246,8647100594
253,Worthington,247,7809116494
254,Leo,248,8097147165
255,Darius,249,5924909183
256,Solomon,250,3865156771
257,Raddie,251,1923650370
258,Cal,252,7844899040
259,Sanford,253,9465746175
260,Umberto,254,9716924727
261,Grove,255,4987724079
262,Jeff,256,3599345242
263,Tedie,257,1916828608
264,Willi,258,3666804726
265,Zach,259,2404280313
266,Franz,260,2364385766
267,Sebastian,261,4389947918
268,Erhart,262,6006246632
269,Roley,263,6321459517
270,Mayne,264,4191520327
271,Forest,265,6017217318
272,Parker,266,3713364544
273,Orlan,267,5711354987
274,Gerald,268,6538943359
275,Hamel,269,6738509000
276,Fredrick,270,2421063427
277,Ignaz,271,6925338418
278,Issiah,272,9745366874
279,Olav,273,7757986675
280,Somerset,274,4634170374
281,Skippie,275,6176047048
282,Skelly,276,3202762840
283,Amery,277,2199080877
284,Levy,278,7934060282
285,Richart,279,6066609067
286,Antonius,280,6507694533
287,Addison,281,3036511038
288,Decca,282,9579166977
289,Walt,283,9879450814
290,Brandy,284,5511968416
291,Jakob,285,5984523044
292,Finlay,286,4648348010
293,Jamesy,287,8317798194
294,Sawyer,288,8625895477
295,Jasun,289,3073541275
296,Claiborn,290,8703711028
297,Austin,291,6085247652
298,Jordan,292,5483681590
299,Brigham,293,8055772856
300,Emmery,294,1904254680
301,Ahmed,295,1291900729
302,Lucias,296,4894782917
303,Gearard,297,7609699184
304,Filip,298,6236375106
305,Corny,299,1484133747
306,Seumas,300,9174239107
307,Svend,301,2569479405
308,Ellsworth,302,5738026948
309,Paul,303,6522835475
310,Gav,304,9875575581
311,Efrem,305,2057395558
312,Alfonso,306,3898728594
313,Diego,307,1068262141
314,Menard,308,5747697419
315,Chaunce,309,2865961435
316,Efren,310,9806297950
317,Horatio,311,4895619310
318,Alonzo,312,1002063255
319,Buck,313,2536415674
320,Hamilton,314,6901256987
321,Francklin,315,6807780217
322,Tiler,316,2771840148
323,Way,317,5708520952
324,Jorgan,318,8903215796
325,Cleavland,319,3693919492
326,Demetre,320,8688827289
327,Avrom,321,7449279717
328,Alfons,322,8296091851
329,Alonso,323,5225676074
330,Jayme,324,8002687392
331,Erny,325,8994817540
332,Andris,326,4224368653
333,Aldon,327,6001481092
334,Alonso,328,5621510172
335,Issiah,329,4352698464
336,Paddy,330,8026867919
337,Ashley,331,8771085292
338,Lemuel,332,9234418747
339,Bondie,333,5137216061
340,Hinze,334,1809096544
341,Merill,335,7411259076
342,Tadeo,336,6447719597
343,Eugene,337,8552604960
344,Dan,338,7239800534
345,Rodger,339,6199754207
346,Reg,340,6515563878
347,Isak,341,9362478963
348,Aguste,342,2607085040
349,Meredith,343,6683992875
350,Elton,344,8661476940
351,Berkly,345,8445281411
352,Avram,346,6205557299
353,Jeffry,347,7139572758
354,Boyd,348,1919904905
355,Porty,349,6817747011
356,Myrwyn,350,5359482620
357,Darnall,351,9051981835
358,Base,352,3691612476
359,Louie,353,9147602120
360,Randy,354,4182625358
361,Thane,355,6071099628
362,Sloan,356,3441397712
363,Ikey,357,7141492687
364,Bartholomeo,358,7445282284
365,Haze,359,4322009502
366,Glenden,360,1918783465
367,Pieter,361,5264015799
368,Marlow,362,1404390393
369,Truman,363,5718391659
370,Farlie,364,5488939058
371,Stanleigh,365,9359459836
372,Stanford,366,9907620076
373,Washington,367,7738799310
374,Dewain,368,6795633389
375,Britt,369,4018030902
376,Torr,370,3488641038
377,Remus,371,5589446241
378,Brew,372,2155927943
379,Garv,373,9456964116
380,Courtney,374,9305018344
381,Bartolemo,375,3097510090
382,Brice,376,7792880860
383,Cornell,377,1595844953
384,Bond,378,6949198516
385,Anders,379,4706809609
386,Mark,380,5478089426
387,Dwayne,381,3796282083
388,Winny,382,8062614605
389,Langston,383,7202823269
390,Geno,384,4487062788
391,Barclay,385,8616282620
392,Zelig,386,8376295808
393,Juan,387,3046734015
394,Zak,388,9499836262
395,Addison,389,8679359436
396,Ryun,390,9246622660
397,Dmitri,391,6208648829
398,Vergil,392,5803483593
399,Barron,393,2759891516
400,Elmo,394,6432320001
401,Alwyn,395,1467182219
402,Lennie,396,3034795091
403,Eugenius,397,7223948945
404,Homerus,398,5795917839
405,Sheppard,399,7167900871
406,Geno,400,2615351660
407,Padget,401,1275980639
408,Avictor,402,4468584826
409,Alberik,403,2434644757
410,Dunc,404,3233746083
411,Meier,405,2102302183
412,Yves,406,2034317102
413,Luis,407,1188357265
414,Richy,408,6349901782
415,Alano,409,8686426742
416,Ewan,410,6716911245
417,Archaimbaud,411,1246196325
418,Karlis,412,4426926968
419,Gordie,413,6123802148
420,Gearalt,414,3769678437
421,Calv,415,7215346547
422,Lamar,416,6432501354
423,Humfrid,417,8717198846
424,Iver,418,5315546463
425,Reilly,419,2084220081
426,Otes,420,3885912304
427,Cozmo,421,8057271901
428,Selig,422,5477734942
429,Parnell,423,7852035337
430,Shane,424,5452846102
431,Asher,425,5869657702
432,Eduino,426,4182317315
433,Ferrell,427,8059776879
434,Dugald,428,4003098557
435,Jakob,429,1953383225
436,Layton,430,5476490180
437,Guss,431,8952288690
438,Jarad,432,7986856707
439,Barnie,433,7768123135
440,Baxy,434,8435741512
441,Rodney,435,8773410156
442,Warren,436,5171313222
443,Shaw,437,9942146246
444,Pauly,438,4914865485
445,Zelig,439,2992354895
446,Padraic,440,9005970467
447,Iver,441,3105390898
448,Muffin,442,2369138238
449,Shelden,443,7831502829
450,Hagen,444,2356946834
451,Christoph,445,5302820284
452,Mischa,446,4024071392
453,Manuel,447,7219096577
454,Shaughn,448,7638234790
455,Darius,449,4436230945
456,Erhard,450,7713296534
457,Yves,451,6732743252
458,Gunner,452,4877989716
459,Titos,453,2143085400
460,Marius,454,1962688934
461,Friedrich,455,6754560589
462,Patricio,456,8544123761
463,Reynold,457,4881249590
464,Denis,458,1341797970
465,Rutger,459,2402124587
466,Mohandas,460,2265525803
467,Finley,461,7984525927
468,Bond,462,4933154395
469,Byrann,463,9803074607
470,Mendy,464,2857676822
471,Perkin,465,9221987723
472,Christophe,466,8405711573
473,Noam,467,2682465899
474,Hillyer,468,1161821354
475,Edd,469,8263724903
476,Teddy,470,3167023168
477,Melvin,471,4052010996
478,Clarance,472,6249843017
479,Tommy,473,6964013052
480,Anatole,474,2857469123
481,Blayne,475,9713625324
482,Sammie,476,5754835330
483,Claybourne,477,6529607022
484,Tobin,478,3468821665
485,Cal,479,5087980814
486,Luce,480,4893819552
487,Mauricio,481,6853980327
488,Gasper,482,7589115241
489,Fredek,483,7567604241
490,Arvin,484,9421440121
491,Harman,485,8411698350
492,Malcolm,486,4865983173
493,Nikolaos,487,8353495480
494,Torey,488,2704297207
495,Kermit,489,1154811404
496,Siegfried,490,6351393676
497,Von,491,1672638907
498,Neville,492,9866429650
499,Frank,493,6618023199
500,Felic,494,7285412115
501,Giraud,495,7483827295
502,Rolf,496,2655354223
503,Vincent,497,8338780961
504,Dalli,498,8323675895
505,Zeb,499,4199404733
506,Lewes,500,4143869057
507,Yvor,501,4739071775
508,Chester,502,1421781751
509,Koenraad,503,6534473279
510,Hamid,504,4162514708
511,Rodger,505,8289480859
512,Ellery,506,3076538193
513,Corby,507,3472699480
514,Cory,508,5813053613
515,Albrecht,509,3133950950
516,Adolphe,510,5542123048
517,Levy,511,5563661938
518,Buckie,512,8061420875
519,Mar,513,5122361290
520,Jackie,514,7459244307
521,Nickolas,515,6675601816
522,Gabe,516,8233234506
523,Briggs,517,3392822227
524,Stacee,518,1604276290
525,Yorgo,519,4846200782
526,Tarrance,520,6278807228
527,Lewie,521,4744996059
528,Otto,522,6976409556
529,Leonard,523,3657743186
530,Perceval,524,8095262128
531,Erwin,525,9533779368
532,Jerad,526,1979079176
533,Regan,527,9435694315
534,Gar,528,7192634213
535,Ambrosius,529,4589993003
536,Tannie,530,1679806733
537,Crosby,531,1888926580
538,Graeme,532,2449250490
539,Ian,533,7433967804
540,Stinky,534,2526152188
541,Clive,535,4259431359
542,Elbert,536,6662801111
543,Christian,537,9166784953
544,Darill,538,3827250128
545,Lay,539,7194486887
546,Clyve,540,3802155363
547,Derrik,541,1436810039
548,Guilbert,542,2521044486
549,Culver,543,4313520764
550,Napoleon,544,9628445480
551,Alford,545,4889193214
552,Kienan,546,9425375799
553,Maxie,547,4985661075
554,Toddie,548,2538126575
555,Randy,549,7528843340
556,Shayne,550,9674005221
557,Murray,551,4256064132
558,Case,552,2144396046
559,Issiah,553,3066077384
560,Karlens,554,4937691025
561,Briggs,555,7579789917
562,Ferdinand,556,9817822427
563,Pinchas,557,7565808293
564,Orv,558,2021563608
565,Harcourt,559,4082632897
566,Terri,560,8294646764
567,Merwyn,561,8585105605
568,Ximenes,562,7806707898
569,Val,563,9362752530
570,Ewan,564,7419073979
571,Oliviero,565,2957528732
572,Sherm,566,9869715363
573,Kristo,567,7411775212
574,Homer,568,4431889482
575,Micheal,569,3042739341
576,Thadeus,570,7002768689
577,Francesco,571,1245615624
578,Alisander,572,9473773859
579,Sammy,573,8944374246
580,Emmit,574,5915623614
581,Maddie,575,8604683000
582,Jase,576,4041219340
583,Sandro,577,5946509593
584,Tybalt,578,2481911552
585,Bobby,579,6091937283
586,Ilario,580,3735523827
587,Maddy,581,1105508762
588,Base,582,2602348387
589,Clayborne,583,8758813828
590,Thadeus,584,4373526835
591,Moritz,585,2695948025
592,Linus,586,7843124625
593,Andris,587,7115640600
594,Nikki,588,9618438627
595,Otho,589,3387655914
596,Ned,590,6366044733
597,Marc,591,2071563890
598,Tibold,592,7398932253
599,Marc,593,5428543509
600,Maurie,594,6527040931
601,Cull,595,5214528367
602,Sal,596,7511745068
603,Nobe,597,1556320084
604,Arvin,598,6909518369
605,Claudius,599,6875948780
606,Kirby,600,6739506797
607,Hermann,601,7075350851
608,Theodoric,602,8084322813
609,Trumann,603,8985972410
610,Gaylor,604,4876060035
611,Giulio,605,2094544959
612,Demetris,606,8839975080
613,Donnie,607,8141172363
614,Jeffrey,608,6849789331
615,Boyce,609,2614197917
616,Paul,610,2411536157
617,Brady,611,1927951052
618,Horst,612,7806116631
619,Patton,613,5915675883
620,Chaim,614,2143970150
621,Evyn,615,6756765433
622,Andie,616,8884564584
623,Kent,617,4317310930
624,Chickie,618,7139906700
625,Reagen,619,9298300043
626,Vite,620,6882872245
627,Merry,621,4141659736
628,Artair,622,4246137402
629,Clayborn,623,7647328031
630,Harwilll,624,6142848004
631,Andy,625,3344532773
632,Humbert,626,9693177027
633,Gregg,627,8772781592
634,Bondy,628,8269463784
635,Donnell,629,7597595326
636,Whitman,630,7957065499
637,Shawn,631,2693319951
638,Cyrus,632,5732943479
639,Lee,633,1652677262
640,Tanner,634,9576973176
641,Kim,635,9712715902
642,Dudley,636,8623817514
643,Douglass,637,3818570962
644,Hobard,638,9427022371
645,Juan,639,3245421555
646,Cyrillus,640,1242931689
647,Gunner,641,8055272523
648,Riobard,642,2203203045
649,Tad,643,5815396989
650,Rockie,644,6893032604
651,Lenci,645,9163429870
652,Kelwin,646,4268615018
653,Orbadiah,647,5213906691
654,Vernor,648,9958163779
655,Gustav,649,8027060634
656,Elliot,650,2583639749
657,Alano,651,5652317264
658,Ole,652,6895978496
659,Che,653,2796697995
660,Torrence,654,5623432295
661,Garold,655,4661842458
662,Richie,656,1237662618
663,Baxter,657,2608186990
664,Yancey,658,9562637434
665,Penrod,659,9234923997
666,Warner,660,2314835446
667,Verney,661,1224947984
668,Everett,662,7189517330
669,Meade,663,3366698023
670,Gus,664,2355555554
671,Mohandas,665,4931911951
672,Aland,666,4227301003
673,Barret,667,8608069893
674,Stanton,668,8881413173
675,Heindrick,669,4871143168
676,Lionello,670,4323724358
677,Norton,671,4071084412
678,Carson,672,1533628251
679,Padriac,673,6775363064
680,Karim,674,7053398921
681,Bear,675,2423698571
682,Nickie,676,8048520225
683,Dale,677,1953078666
684,Yancy,678,5192862567
685,Stanislaw,679,2785349455
686,Carny,680,6075772769
687,Sonnie,681,3779749343
688,Taddeo,682,6975933421
689,Torrey,683,9693909151
690,Keenan,684,7646846712
691,Aksel,685,3766818429
692,Jedd,686,8252204977
693,Waring,687,6079176829
694,Padriac,688,7438360250
695,Robert,689,9469602812
696,Shelley,690,4375915571
697,Zebulen,691,6666126651
698,Nikolai,692,2669838609
699,Wiley,693,4044788351
700,Levin,694,4388683694
701,Dale,695,5801058994
702,Wendell,696,2363174936
703,Aluin,697,6545026356
704,Goober,698,1569937603
705,Dougie,699,7414510551
706,Dewie,700,6259925765
707,Sawyere,701,4283775553
708,Welsh,702,1258027361
709,Morty,703,2332625673
710,Cale,704,9088058983
711,Avigdor,705,5258331910
712,Erhart,706,1876205305
713,Nicolas,707,7479332933
714,Renado,708,4883537333
715,Sanderson,709,8587454998
716,Fitzgerald,710,8782817148
717,Rad,711,2176587350
718,Aloin,712,9704224456
719,Care,713,4077014558
720,Wilbur,714,8088814295
721,Godfree,715,3042431806
722,Harwell,716,6495350126
723,Ruddy,717,4411021746
724,Rourke,718,3129382153
725,Derek,719,3216709297
726,Godfree,720,9117740126
727,Allen,721,7335371953
728,Pippo,722,5836115983
729,Thain,723,1915206509
730,Rafi,724,6223842068
731,Abramo,725,7841467099
732,Gavan,726,5356515883
733,Gaven,727,8026102688
734,Immanuel,728,4904553717
735,Samuele,729,6324522436
736,Renaldo,730,7058648542
737,Julie,731,8938299933
738,Ivar,732,6422617530
739,Devin,733,2962906489
740,Izzy,734,3262928492
741,Benyamin,735,5996311863
742,Hector,736,5804845731
743,Reg,737,6637055904
744,Harald,738,3471987712
745,Doug,739,6719052554
746,Karlens,740,2742255431
747,Mar,741,8779509362
748,Phillip,742,5761826129
749,Jarrett,743,7112384729
750,Hill,744,8912412615
751,Clair,745,8367462373
752,Clemente,746,7888041189
753,Samson,747,3696652547
754,Stafford,748,1354150216
755,Jeddy,749,1871214463
756,Laurence,750,5726570310
757,Even,751,8585196829
758,Herculie,752,7494764320
759,Rocky,753,9682384513
760,Jacobo,754,6102594831
761,Guthrie,755,7438463415
762,Boigie,756,6754646883
763,Welby,757,5055794258
764,Mauricio,758,7446896305
765,Osmund,759,2072859620
766,Valentino,760,3126553001
767,Tracy,761,8468716256
768,Shelton,762,2601238612
769,Iago,763,6841701918
770,Marcelo,764,1691764596
771,Bryon,765,1233661817
772,Earle,766,3363386362
773,Gaston,767,2656317639
774,Hilarius,768,8258997378
775,Timotheus,769,3925830711
776,Shannon,770,1171138756
777,Harvey,771,8543886948
778,Marve,772,7711004073
779,Galven,773,5023011758
780,Costa,774,7114841269
781,Silvain,775,2078457010
782,Vern,776,6561494563
783,Durward,777,6581568407
784,Tracie,778,2504965750
785,Don,779,6225592169
786,Tracey,780,8978251505
787,Ole,781,7707994821
788,Ambrosi,782,7153593556
789,Joey,783,3388084640
790,Bradford,784,3528022061
791,Briggs,785,1614623356
792,Thedric,786,2823947379
793,Ragnar,787,8258644264
794,Isac,788,3981505945
795,Benedick,789,4824117542
796,Erhard,790,7297916487
797,Bord,791,2702848367
798,Natal,792,6883088145
799,Bing,793,8328581691
800,Addy,794,5802688243
801,Jourdain,795,2902609168
802,Ware,796,7868402265
803,Dalli,797,7811969744
804,Normie,798,9428912980
805,Herold,799,8489907308
806,Murry,800,6153240175
807,Link,801,4625687493
808,Earl,802,2713607909
809,Rollins,803,2479594094
810,Jared,804,1936261062
811,Heriberto,805,9799800221
812,Courtnay,806,4936076258
813,Mikael,807,6054370478
814,Erl,808,1794603847
815,Miguel,809,6497543796
816,Moss,810,8587278375
817,Toiboid,811,3021294978
818,Keith,812,5529871936
819,Domenic,813,8658117276
820,Jeramey,814,6841809946
821,Matias,815,1975391187
822,Felizio,816,3429605324
823,Barrett,817,1915566290
824,Shermie,818,2308279729
825,Rabi,819,5963316690
826,Howie,820,6373597009
827,Crawford,821,4077079094
828,Pieter,822,3908941301
829,Monty,823,2554949159
830,Clement,824,7669738571
831,Felix,825,3866520245
832,Corty,826,2148886830
833,Weidar,827,9113248129
834,Giffer,828,2057784761
835,Buckie,829,8436603718
836,Delano,830,7201842318
837,Chevalier,831,5388195858
838,Gar,832,7337905151
839,Alexander,833,4558299144
840,Windham,834,6794460410
841,Urbano,835,3944662786
842,Gar,836,1319746492
843,Parker,837,3755331636
844,Nealon,838,3778105606
845,Wilfrid,839,6193360867
846,Stillman,840,5032767113
847,Stuart,841,3263269469
848,Dale,842,4665283655
849,Nikolaos,843,8658272450
850,Andy,844,3031873980
851,Artemas,845,4629173127
852,Whit,846,5351917527
853,Jeffrey,847,7299981869
854,Wyn,848,1387428731
855,Darnell,849,9855393021
856,Stefano,850,7805715857
857,Ram,851,6444922570
858,Vaclav,852,1201953263
859,Ripley,853,3946504055
860,Kermy,854,8832747035
861,Gasparo,855,9456265282
862,Roley,856,4805856175
863,Jess,857,3452027131
864,Tomlin,858,3618524287
865,Lauritz,859,1466563259
866,Thaxter,860,4564469905
867,Lukas,861,4749553242
868,Miltie,862,7804102474
869,Quinton,863,7978492381
870,Gerik,864,3762296134
871,Teodorico,865,4431299363
872,Keane,866,7604847241
873,Damon,867,1525619666
874,Frazier,868,3002401438
875,Shurwood,869,7968214669
876,Carl,870,6079131152
877,Leopold,871,5612344224
878,Leopold,872,3913982041
879,Fin,873,4518786265
880,Tibold,874,5518223853
881,Weber,875,6142138344
882,Vlad,876,5716939599
883,Ingra,877,3455623812
884,Linc,878,9686324116
885,Lionello,879,7308153737
886,Constantine,880,8167609256
887,Niles,881,3949438356
888,Dex,882,9898963296
889,Isacco,883,9845296990
890,Felix,884,4494616203
891,Thedrick,885,6167755229
892,Stephan,886,7772904906
893,Willie,887,3372818873
894,Dennison,888,2882286397
895,Noak,889,8633909131
896,Nester,890,8063174453
897,Ximenes,891,2565449519
898,Sherwynd,892,4999851325
899,Kinsley,893,1612343975
900,Diarmid,894,7176475263
901,Thorsten,895,2163473209
902,Bar,896,6533076514
903,Phip,897,8453041616
904,Fonzie,898,1496563154
905,Fin,899,7189563378
906,Pat,900,9761952460
907,Wright,901,5072083125
908,Artus,902,7021448008
909,Jeremiah,903,1048191559
910,Ravi,904,1083997848
911,Odell,905,9099321808
912,Ingar,906,5571295244
913,Rafael,907,9039286390
914,Ring,908,9272138593
915,Tome,909,5421137725
916,Gram,910,5993046405
917,Yancy,911,6505534587
918,Alexandro,912,5778792279
919,Aldous,913,9236620057
920,Leonidas,914,8311631742
921,Johnnie,915,9793323735
922,Vincenz,916,6145393831
923,Orbadiah,917,7671493746
924,Patsy,918,7832767119
925,Thacher,919,8066729724
926,Randolf,920,4346748168
927,Kaiser,921,7979893053
928,Christoforo,922,4339576078
929,Rolf,923,9775163186
930,Darby,924,9905716196
931,Hermie,925,2826866914
932,Trace,926,8616076803
933,Konrad,927,5365125786
934,Mario,928,9754286710
935,Preston,929,5638903701
936,Lou,930,7094852036
937,Tyson,931,8514714759
938,Curtis,932,7372811719
939,Cornall,933,4478334905
940,Niall,934,8842362812
941,Nobie,935,6021452298
942,Edd,936,3295147126
943,Nicolai,937,3706040822
944,Laney,938,4567774166
945,Ring,939,3907812613
946,Findley,940,5614384678
947,Doy,941,7194409865
948,Drew,942,1008157779
949,Ermanno,943,8414950883
950,Fair,944,7095408173
951,Abe,945,3374066163
952,Clyve,946,5964128743
953,Avram,947,7594401760
954,Wendel,948,7809682172
955,Myron,949,8123305110
956,Julian,950,8282868375
957,Sheffield,951,4462876858
958,Dallon,952,1571808079
959,Mayer,953,3457558096
960,Park,954,8421408486
961,Gideon,955,8673745547
962,Dew,956,9431193298
963,Wilton,957,4325907635
964,Van,958,1126351112
965,Kendrick,959,8025220430
966,Brien,960,1987566567
967,Jamal,961,5435004284
968,Mace,962,3651946426
969,Graig,963,2456760536
970,Dal,964,4945481462
971,Spenser,965,5893782372
972,Ignace,966,2638602532
973,Cullie,967,8017027683
974,Vincenz,968,1638501675
975,Barde,969,9965418385
976,Lance,970,9299471378
977,Baldwin,971,9267813496
978,Lauritz,972,5882678080
979,Gerome,973,7176679295
980,Bartlet,974,7536432341
981,Dan,975,5336653015
982,Page,976,2985047314
983,Bryon,977,5477796779
984,Herc,978,2099847182
985,Brion,979,9598970854
986,Cristian,980,2714952544
987,Derek,981,7088024032
988,Inness,982,5806219244
989,Itch,983,5213805808
990,Sammy,984,3149877361
991,Florian,985,9457102395
992,Wyndham,986,6323001124
993,Simon,987,5943138163
994,Karel,988,7786241513
995,Ross,989,5854452896
996,Homere,990,6175615151
997,Robin,991,8786051781
998,Obie,992,8481857813
999,Byran,993,2715801567
1000,Benito,994,7267146505
1001,Kristofor,995,5148445749
1002,Vince,996,9695314984
1003,Glyn,997,9925414292
1004,Cyrillus,998,4101083464
1005,Ebeneser,999,8935386137
1006,Felipe,1000,9718418847
